{"type": "metrics", "dataset": "train", "precision": 0.9690721649484536, "balanced_accuracy": 0.8547676561381269, "recall": 0.7161904761904762, "f1_score": 0.823658269441402}
{"type": "metrics", "dataset": "test", "precision": 0.6610312764158918, "balanced_accuracy": 0.6767944219545857, "recall": 0.41028331584470096, "f1_score": 0.5063127225639366}
{"type": "cm_matrix", "dataset": "train", "true_0": {"predicted_0": 16120, "predicted_1": 108}, "true_1": {"predicted_0": 1341, "predicted_1": 3384}}
{"type": "cm_matrix", "dataset": "test", "true_0": {"predicted_0": 6672, "predicted_1": 401}, "true_1": {"predicted_0": 1124, "predicted_1": 782}}
